
aaron	亚伦
aarongee	亚伦吉
abbey	阿比
abbie	阿比
abbott	阿博特
abe	艾贝
abel	艾贝尔
abell	艾贝尔
abercrombie	阿伯克龙比
abernathy	阿伯内西
abernethy	阿伯内西
abey	abey
able	埃布尔
abner	阿布纳
abraham	亚伯拉罕
abrahams	亚伯拉罕斯
abrahamson	亚伯拉罕森
abram	艾布拉姆
abrams	艾布拉姆斯
abramson	艾布拉姆森
ace	埃斯
acheson	艾奇逊
acker	阿克
ackerman	阿克曼
acton	阿克顿
acuff	阿卡夫
ada	艾达
adair	阿代尔
adam	亚当
adams	亚当斯
adamson	亚当森
adcock	阿德科克
addington	阿丁顿
addis	阿迪斯
addison	阿迪森，艾迪生
addy	阿迪
addychen	阿迪陈
adkins	阿德金斯
adler	阿德勒
adley	阿德利
adorno	阿多诺
adrian	艾德里安
aiden	艾登
aimee	艾米
akers	埃克斯
aldrich	奥尔德里奇
alen	艾伦
alex&mia	亚历克斯
alicelouis	爱丽丝刘易斯
alina	艾莉娜
alisa	艾丽莎
alisha	艾丽莎
allan	阿伦
allard	阿拉德
allen	艾伦
alleyne	阿莱恩
allie	阿莉
allin	阿林
allinson	阿林森
allis	阿利斯
allison	阿利森
allister	阿利斯特
alpha	阿尔法
althea	阿尔西亚
altman	奥尔特曼
alton	奥尔顿
alty	奥尔蒂
alured	阿留雷德
alva	阿尔瓦
alvan	阿尔万
alvarez	阿尔瓦雷斯
alven	阿尔文
alvera	阿尔薇拉
alvy	阿尔维
alway	奥尔韦
alwen	阿尔温
alwyn	阿尔温
alyssa	艾丽莎
amabel	阿玛贝尔
amadeus	阿马迪厄斯
aman	阿曼
amand	阿曼德
amelie	艾米丽
amiee	艾米
amphlett	安弗利特
amson	阿姆森
amundsen	阿蒙森
amy	艾米
amyas	埃米亚斯
ana	安娜
anan	安安
anaximander	阿纳克西曼德尔
anaximenes	阿纳西门斯
andre	安德烈
andrienna	安德里安娜
angelababy	安杰拉宝贝
angelo	安杰洛
anmi	安米
annabella	安娜贝拉
anni	安妮
anny	安妮
anqi	安琪
anson	安森
any	安妮
anzo	安走
apollion	apollion
appleyard	阿普尔亚德
apps	阿普斯
april	阿普丽尔
aps	阿普斯
apsey	阿普西
aquinas	阿奎那
aquino	阿基诺
arabel	阿拉贝尔
arabella	阿拉贝拉
arafat	阿拉法特
arago	阿拉格
aran	亚伦
arber	阿尔巴
arbuckle	阿巴克尔
arbuthnot	阿巴思诺特
aren	阿伦
aria	亚里亚
arianasong	阿里安娜宋
aric	阿里克
arkell	阿克尔
arlo	阿尔洛
armand	阿曼德
arwen	阿尔温
arya	艾莉亚
ashily	艾舍里
ashleyemily	艾舍里米莉
askew	阿斯丘
askins	阿斯金斯
atkinson	阿特金森
atom	atom
atwell	阿特韦尔
atwood	阿特伍德
aubin	奥宾
aubrey	奥布里
aubry	奥布里
augest	奥古斯
auggie	奥吉
austin	奥斯丁
autry	奥特里
averie	averie
awm	awm
axl	axl
aya	艾雅
ayden	艾登
ayers	艾尔斯
aylee	爱丽
baade	巴德
babb	巴布
babbitt	巴比特
babcock	巴布科克
baber	巴伯尔
baby	宝贝
bach	贝奇
back	巴克
backer	巴克尔
backman	巴克曼
backs	巴克斯
backus	巴克斯
bacon	培根
badcock	巴德科克
baddams	巴当斯
baddeley	巴德利
bade	贝德
bader	巴德
badger	巴杰
badgers	巴杰斯
baer	贝尔
baez	贝兹
bagley	巴格利
bailey	贝利
baily	贝利
bain	贝恩
bainbridge	班布里奇
baines	贝恩斯
baird	贝尔德
baker	贝克
balch	鲍尔奇
baldwin	鲍德温
bale	贝尔
bales	贝尔斯
balfe	巴尔夫
balfour	巴尔弗
balkwill	鲍克威尔
ball	鲍尔
ballaam	巴拉姆
ballantine	巴兰坦
ballantyne	巴兰坦
ballard	巴拉德
balthasar	巴尔萨泽
balthazar	巴尔萨泽
baltimore	巴尔的摩
balzac	巴尔扎克
bamber	班伯
bambi	斑比
bambrough	班布拉
bamford	班福德
bamforth	班福思
bampfylde	班菲尔德
bampton	班顿
battle	巴特尔
baxter	巴克斯特
baylor	贝勒
bea	比
beach	比奇
beal	比尔
bean	比恩
bear	比尔，熊
beard	比尔德
beasley	比斯利
beatrice	比阿特丽斯
beatty	比蒂
benjamin	本杰明
bennett	贝内特
bennie	本尼
benny	本尼
benson	本森
bentley	本特利
benton	本顿
berber	波波
berenice	贝雷妮丝
berg	伯格
bergman	褒曼
bernstein	伯恩斯坦
berry	贝里
bert	伯特
bertha	伯莎
bertie	伯蒂
bertram	伯特伦
beryl	贝丽尔
bess	贝丝
bessie	贝西
best	贝斯特
beth	贝丝
bethel	贝瑟尔，贝西尔
bieber	比伯
bingo	宾构
binson	宾颂
biubiu	biubiu
bluey	布鲁伊
boa	boa
bobbi	波比
bobo	波波
bolin	柏林
bosco	博斯科
bosen	博森
bourne	伯恩
boyan	博彦
brave	勇敢
brianchen	布瑞恩陈
brick	布瑞克
britney	布兰妮
buble	布勃莱
buddy	巴蒂
burgess	伯吉斯
burke	伯克
burkett	伯克特
burnett	伯内特
burnham	伯纳姆
burns	伯恩斯
burr	伯尔
burris	伯里斯
burroughs	伯勒斯
burrows	布罗斯
butcher	布彻
butler	巴特勒
butts	巴茨
byers	拜尔斯
byrd	伯德
byrne	伯恩
byron	拜伦
cahill	卡希尔
cain	凯恩
caitlin	凯特琳
calderon	考尔德伦
caldwell	考尔德韦尔
caleb	凯莱布
calix	calix
callie	考利
calloway	卡洛韦
calvert	卡尔弗特
calvin	卡尔文
cameron	卡梅伦
camilla	卡米拉
camille	卡米尔
campbell	坎贝尔
candace	坎迪丝
candida	坎迪达
candy	糖果
cannon	坎农
capps	卡普斯
cara	凯拉
cardwell	卡德韦尔
carey	凯里
carl	卡尔
carla	卡拉
carlisle	卡莱尔
carlotta	卡洛塔
carlson	卡尔森
carlton	卡尔顿
carly	卡莉，卡莉蕾，卡莱
carman	卡曼
carmelita	卡梅莉塔
carmen	卡门
carmichael	卡迈克尔
carnes	卡恩斯
carney	卡尼
carol	卡罗尔
carola	卡罗拉
carole	卡罗尔
carolina	卡罗莱娜
caroline	卡罗琳
carpenter	卡朋特
carr	卡尔
carrey	凯瑞
carrier	卡里尔
carris	卡利斯
carrol	卡罗尔
carroll	卡罗尔
carry	凯瑞
carson	卡森
carter	卡特
cartwright	卡特赖特
carver	卡弗
cary	加里
case	凯斯
casey	凯西
cash	卡什
cason	卡森
caspar	卡斯帕
casper	卡斯帕
cassidy	卡西迪
cassy&jack	卡西，杰克
castle	卡斯尔
castro	卡斯特罗
cates	凯茨
cathy	卡西
cayla	凯拉
cecil	塞西尔
celestine	塞莉斯廷
celina	塞莱纳，司琳娜
cervantes	塞万提斯
chadwick	查德威克
chamberlain	张伯伦
chambers	钱伯斯
chance	钱斯
chandler	钱德勒
chapman	查普曼
chappell	查普尔
charce	查斯
charity	查丽蒂
charles	查尔斯
charley	查理
charlie	查利
chase	蔡斯
cheek	奇克
chen	陈
chenchen	辰辰
cheney	切尼
chengcheng	程程
cherish	切瑞西
cherry	彻丽
cheryl	谢丽尔
chester	切斯特
childers	奇尔德斯
childress	柴尔德里斯
childs	蔡尔兹
christian	克里斯琴
christiana	克里斯蒂安娜
christie	克里斯蒂
christin	克里斯廷
cici&zizi	慈慈，滋滋
clare	克莱尔
cleo	克利奥
cloris	克罗莉丝
cloudy	克劳迪
coby	克比
coco	可可
cola	克拉，可乐
combs	库姆斯
compton	康普顿
conchita	康奇塔
conley	康利
conn	康恩
connell	康奈尔
connelly	康奈利
conner	康纳
connolly	康诺利
cookie	酷奇，曲奇
coolanson	库兰森
corn	玉米
corrine	科林
corry	科里
cotton	科顿
cottrell	科特雷尔
couch	库奇
coulter	科尔特
courtney	考特尼
covington	科温顿
cowan	考恩
cox	考克斯
coy	科伊
coyle	科伊尔
cyrus	赛勒斯
cyx	cyx
daatchi	daatchi
dahl	达尔
dailey	戴利
dale	戴尔
daley	戴利
dallas	达拉斯
dalton	多尔顿
daly	戴利
damian	戴米安
damon	戴蒙
dan	丹
dana	戴纳
dane	戴恩
daniel	丹尼尔
daniels	丹尼尔斯
dannis	丹尼斯
danny	丹尼
dante	但丁
daphne	达夫妮
darby	达比
darcey	达西
darcy	达西
darko	达克
darleen	达琳
darling	达林
darren	戴伦，达人
darwin	达尔文
daugherty	多尔蒂
davenport	达文波特
david	戴维
davidson	戴维森
davies	戴维斯
davis	戴维斯
davison	戴维森
dawkins	道金斯
dawson	道森
day	戴
dazhi	大志
dd	弟弟
deacon	迪肯
deal	迪尔
dean	迪安
deane	迪恩
decker	德克尔
dee	迪
deer	迪尔
deidre	黛德丽
deirdre	迪尔德丽
delaney	德莱尼
delia	迪莉娅
delicia	迪丽莎
dell	德尔
demi	黛米
demon	迪蒙
dempsey	登普西
denis	丹尼斯
denise	德尼丝
denisse	丹尼斯
dennis	丹尼斯
dennison	丹尼森
denny	丹尼
denson	丹森
dent	登特
denton	登顿
derek	德里克
derekdora	德里克朵拉
derrick	德里克
desmond	德斯蒙德
deuin	deuin
devine	德瓦恩
dewey	杜威
dewitt	德威特
dexter	德克斯特
diamond	黛蒙德
diana	黛安娜
dias	迪拉兹
dick	迪克
dickens	迪肯斯
dickerson	迪克森
dickey	迪基
dickinson	迪金森
dickson	迪克森
didi	弟弟
die	戴
dillon	狄龙
dino	迪农
dixon	迪克森
dizzy	迪贼
dj	迪洁
dobbins	多宾斯
dobbs	多布斯
dobby	多比
dobson	多布森
dodd	多德
dodo	豆豆，嘟嘟
dogman	多格漫
domy	多米
donfelix	丹菲利斯
donny	唐尼
dorapan	多拉潘
dorsey	多西
dotson	多特森
dotty	多蒂
doudou	豆豆
doug	道格
dougherty	多尔蒂
doutong	豆彤
doyle	道尔
dragon	恐龙，龙龙
drake	德雷克
draper	德雷珀
dream	梦
drew	德鲁
driscoll	德里斯科尔
driver	德赖弗
drummond	德拉蒙德
duang	duang
duby	迪比，达比
dudley	达德利
dudu	嘟嘟
duff	达夫
duffy	达菲
dugan	杜根
duidui	对对
dunlap	邓拉普
dunn	邓恩
duran	杜兰
durham	达拉姆
dutton	达顿
dwyer	德怀尔
dye	戴伊
dyer	戴尔
dykes	戴克斯
dylan	迪伦
earl	厄尔
earle	厄尔
early	厄尔利
eason	伊森
eason&oilvia	伊森，奥利维亚
easonwu	伊森吴
easonyang	伊森杨
easter	伊斯特尔
eastman	伊士曼
easton	伊斯顿
eathan	伊坦
eaton	伊顿
ecco	易可
ed	埃德
eda	伊达
eddey	艾迪
eddie	埃迪
eddy	埃迪
eden	伊登，艾登
edgar	埃德加
edie	伊迪
edison	埃迪森，爱迪生
edith	伊迪斯
edmond	埃德蒙
edmonds	埃德蒙兹
edmondson	埃德蒙森
edmund	埃德蒙
edna	埃德娜
edward	爱德华
edwards	爱德华兹
edwin	埃德温
ee	一一
effie	埃菲
egan	伊根
eileen	艾琳
eissen	艾森
elaine	伊莱恩
elainehuo	埃莱娜霍，伊莱恩霍
elbert	阿尔伯特
elder	埃尔德
eleanor	埃莉诺
eleanora	埃莉诺拉
eleanore	埃莉诺
elena	埃琳娜
eleven	伊莱文，十一
elfreda	埃尔弗丽达
eli	伊莱
elias	伊莱亚斯
elijah	伊利亚
elin	埃琳
elina	埃琳娜
elinor	埃莉诺
elisabeth	伊丽莎白
elisabethkayia	伊丽莎白凯亚
elise	埃莉斯
elisha	伊莱沙
elissa	艾丽莎
eliza	伊莱扎
elkins	埃尔金斯
elliot	埃利奥特
elliott	埃利奥特
ellis	埃利斯
ellison	埃利森
ello	爱罗
ellsa	艾丽莎，伊丽莎
ellsworth	埃尔斯沃思
elmer	埃尔默
elmore	埃尔莫尔
elroy	爱罗伊
elsama	艾莎马
elsie	埃尔西
elton	埃尔顿
elvia	埃尔维亚
elwood	埃尔伍德
emanuel	伊曼纽尔
emerson	埃默森，爱默生
emery	埃默里
emi	诶米
emile	埃米尔
emilia	伊米莉亚
emilie	艾米丽
emily	埃米莉
emma	艾玛
emmanuel	伊曼纽尔
emmawu	艾玛吴
emmett	埃米特
emmie	埃米
emmitt	埃米特
emmy	艾美，艾米
emory	埃默里
emy	艾米
ena	伊娜
endy	恩迪
england	英格兰
engle	恩格尔
english	英格利希
enid	伊妮德
enker	恩科
ennis	恩尼斯
eno	eno
enoch	伊诺克
enyou	恩尤
enzo	恩佐
epps	埃普斯
erela	艾瑞拉
eric	埃里克
erica	埃丽卡
ericdang	埃里克唐
ericguo	埃里克郭
ericwang	埃里克王
erik	埃里克
erika	艾丽卡
erin	艾琳
erma	厄玛
ernest	欧内斯特
ernestine	欧内斯廷
ernie	厄尼
ernst	恩斯特
errol	埃罗尔
ervin	欧文
erwin	欧文
erye	二叶
escobar	埃斯科瓦尔
estelle	埃斯特尔
esther	埃丝特
ethan	伊桑
ethanw	伊坦
ethel	埃塞尔
ethen	伊桑
etta	埃塔
eugene	尤金
eugenia	尤金妮亚
eulalia	尤拉莉亚
euli	尤利
eunice	尤妮斯
eva	伊瓦，伊娃
evacai	蔡伊娃
evanchen	艾文陈
even	伊文
evita	埃维塔
ewing	尤因
ezekiel	伊齐基尔
ezra	埃兹拉
fabian	法比安
fagan	费根
fair	费尔
fairchild	费尔柴尔德
fairy	费尔里
faith	费思
fallon	法伦
fancy	范斯
fanfan	帆帆
fannie	范妮
fanny	范妮
farley	法利
farmer	法默
farr	法尔
farrah	法拉
farrar	法勒
farrell	法雷尔
farris	法里斯
faulkner	福克纳
faust	浮士德
faustina	福斯蒂娜
fay	费伊
faye	费伊
fbi	fbi
feifei	飞飞
felice	费利斯
felicia	费利西娅
felipa	费利珀
felix	费利克斯
felton	费尔顿
fenton	芬顿
ferdinand	费迪南德
ferguson	弗格森
fern	弗恩
fernanda	费尔南达
fernando	费尔南多
ferris	费里斯
fidelia	菲迪莉娅
field	菲尔德
fields	菲尔兹
finch	芬奇
fink	芬克
finley	芬利
finn	菲恩
finney	芬尼
fiona	菲奥娜
fischer	费歇尔
fish	菲什
fisher	费舍尔
fitch	菲奇
fitzgerald	菲茨杰拉尔德
fitzpatrick	菲茨帕特里克
flaherty	弗莱厄蒂
flanagan	弗拉尼根
fleming	弗莱明
fletcher	弗莱彻
flint	弗林特
flo	弗洛
flood	弗勒德
flora	弗洛拉
florawang	弗洛拉王
florence	弗洛伦斯
florrie	弗洛莉
flossie	弗洛西
flowers	弗劳尔斯
floy	弗洛伊
floyd	弗洛伊德
flrf	flrf
flynn	弗林
foley	福利
fonda	方达
foote	富特
forbes	福布斯
ford	福德
foreman	福尔曼
forest	福里斯特
forrest	福里斯特
fortune	福琼
foster	福斯特
fowler	福勒
fox	福克斯
fran	弗兰
francene	弗朗辛
frances	弗朗西斯
francis	弗朗西斯
franco	佛朗哥
frank	弗兰克
frankie	弗兰基
franklin	富兰克林
franklyn	富兰克林
fraser	弗雷泽
frazier	弗雷泽
fred	弗雷德
freda	弗丽达
freddie	弗雷迪
freddy	弗雷迪
frederic	弗雷德里克
frederica	弗雷德丽卡
frederick	弗雷德里克
free	福瑞
freeman	弗里曼
french	弗伦奇
frey	弗雷
freya	弗雷亚
frieda	弗里达
friedman	弗里德曼
friend	弗伦德
fritz	弗里茨
frost	弗罗斯特
fufeng	富丰
fuyao	扶摇
gabby	盖比
gabriel	盖布里埃尔
gabrielle	盖布丽埃尔
gadi	佳迪
gaga	嘎嘎
gage	盖奇
gail	盖尔
gaines	盖恩斯
gale	盖尔
galen	盖伦
gallagher	加拉赫
galloway	加洛韦
gamble	甘布尔
gandy	甘迪
gant	甘特
gardner	加德纳
garfield	加菲尔德
garland	加兰
garner	加纳
garnet	加尼特
garnett	加尼特
garrett	加勒特
garrison	加里森
garry	加里
garth	加思
gary	加里
gates	盖茨
gavin	加文
gay	盖伊
gaye	盖伊
gayle	盖尔
gaylord	盖洛德
gee	吉
gege	哥哥
geiger	盖革
gentry	金特里
geo	吉奥
george	乔治
gerald	杰拉德
geraldine	杰拉尔丁
gerard	杰拉德
german	杰曼
gerry	格里
ghost	够斯特
gibbons	吉本斯
gibbs	吉布斯
gibson	吉布森
gifford	吉福德
gil	吉尔
gilbert	吉尔伯特
giles	贾尔斯
gill	吉尔
gillespie	吉莱斯皮
gilliam	吉列姆
gillian	吉莉安，吉利恩
gillis	吉利斯
gilmore	吉尔摩
gipson	吉普森
glass	格拉斯
gleason	格利森
glen	格伦
glenn	格伦
gloria	格洛丽亚
gloriawu	格罗丽娅吴
glover	格洛夫
goddard	戈达德
godfrey	戈弗雷
godwin	戈德温
goff	戈夫
gold	戈尔德
goldberg	戈德堡
golden	戈尔登
goldsmith	戈德史密斯
goldstein	戈德斯坦
gonzalez	冈萨雷斯
good	古德
goode	古德
goodman	古德曼
goodrich	古德里奇
goodson	古德森
goodwin	古德温
gookie	古琦
gordon	戈登
gore	戈尔
gorman	戈尔曼
goss	戈斯
gould	古尔德
grace	格雷丝
gracia	格雷莎
grady	格雷迪
graham	格雷厄姆
granger	格兰杰
grant	格兰特
granville	格兰维尔
graves	格雷夫斯
gray	格雷
grayson	格雷森
green	格林
greene	格林
griggs	格里格斯
grimes	格赖姆斯
grimm	格林
griselda	格丽泽尔达
groege	groege
gross	格罗斯
grove	格罗夫
grover	格罗弗
groves	格罗夫斯
grubb	格拉布
grubbs	格拉布斯
guanxin	关鑫
hadley	哈德利
hagan	黑根
haha	哈哈
hahn	哈恩
haillie	haillie
haines	海恩斯
hale	黑尔
haley	黑利
hali	哈利
hall	霍尔
ham	哈姆
hamilton	汉密尔顿
hamlin	哈姆林
hamm	哈姆
hammer	哈默
hammond	哈蒙德
hampton	汉普顿
hancock	汉考克
hand	汉德
handy	汉迪
hang	航
hanhan	涵涵
hanji	韩几
hankins	汉金斯
hanks	汉克斯
hanley	汉利
hanna	汉纳
hannah	汉纳
hannahsun	汉娜孙
hanson	汉森
hanyu	韩宇
haohao	豪豪
happy	快乐
harden	哈登
harding	哈丁
hardy	哈迪，哈代
hare	黑尔
hargrove	哈格罗夫
harlan	哈伦
harley	哈利
harper	哈珀
harrell	哈勒尔
harrington	哈林顿
harris	哈里斯
harrison	哈里森
harry	哈里
hart	哈特
hartley	哈特利
harvey	哈维
harveylan	哈维蓝
haskins	哈斯金斯
hastings	黑斯廷斯
hatch	哈奇
hatfield	哈特菲尔德
hawkins	霍金斯
hayden	海登
hayes	海斯
hayhay	嘿嘿
haylee	海莉
haynes	海恩斯
hays	海斯
heard	赫德
heath	希思
hebe	鹤壁
hedi	何迪
hedy	赫蒂
heidi	海蒂
heien	海恩
heller	赫勒
hello	哈喽
helms	赫尔姆斯
hemphill	亨普希尔
hemple	亨普尔
henderson	亨德森
hendrix	亨德里克斯
henley	亨利
henry	亨利
henson	汉森
hera	赫拉
herbert	赫伯特
herman	赫尔曼
hero	希诺，英雄
herobrine	希诺布里内
herring	赫林
herrington	赫林顿
herron	赫伦
herry	亨利
hess	赫斯
hester	赫斯特
hewitt	休伊特
hickey	希基
hickman	希克曼
hicks	希克斯
higgins	希金斯
hill	希尔
hilliard	希利亚德
hillman	希尔曼
hills	希尔斯
hilton	希尔顿
him	him
hinds	海因兹
hines	海因斯
hinson	欣森
hinton	辛顿
hiro	西洛
hisun	hisun
hobbs	霍布斯
hobson	霍布森
hoho	霍霍
holiday	霍乐迪
hon	红
house	豪斯
houser	豪泽
houston	休斯顿
howard	霍华德
howe	豪
howell	豪厄尔
hoyer	霍耶，霍尔
hubbard	哈伯德
huber	胡伯
huddleston	赫德尔斯顿
huizhe	慧褶
hull	赫尔
hummer	悍马
humphrey	汉弗莱
humphries	汉弗莱斯
hunt	亨特
hunter	亨特
huntley	亨特利
hurd	赫德
hurley	赫尔利
hurst	赫斯特
hurt	赫特
ian	伊恩
ida	艾达
idell	艾德尔
ieon	ieon
ike	艾克
ileana	艾琳娜
ilse	伊尔泽
imogene	伊莫吉恩
ines	伊内丝
inez	伊内兹
inge	英奇
ingeborg	英格博格
inger	英格
ingram	英格拉姆
ingrid	英格丽
inman	英曼
iona	艾奥娜
ira	艾拉
irene	艾琳
irina	irina
iris	艾丽斯
irish	艾里什
irma	厄玛
irvin	欧文
irving	欧文
irwin	欧文
isa	艾萨
isaac	艾萨克
isabel	伊莎贝尔
isabella	伊莎贝拉
isabelle	伊莎贝尔
isadora	伊莎多拉
isaiah	艾赛亚
isis	伊希斯
ismael	伊斯梅尔
israel	伊斯雷尔
iva	伊娃，艾娃
ivan	伊凡
iverson	艾弗森
ivey	艾维
ivory	艾弗里
ivy	艾维
ivyna	艾维娜
jack	杰克
jackei	杰克
jackson	杰克逊
jacky	杰克
jackzhang	杰克张
jacob	雅各布
jacobs	雅各布斯
jacobson	雅各布森
jacqueline	杰奎琳
jacques	雅克
jacquetta	杰凯塔
jaden	捷登
jadon	捷登，杰东
jake	杰克
james	詹姆斯
jameson	詹姆森
jamie	杰米
jamison	贾米森
jandv	jandv
jane	简
janet	珍妮特
janetta	珍妮塔
janey	詹妮
janice	贾妮丝
janie	詹妮
janson	詹森
january	贾纽厄里
jaqueline	杰奎琳
jared	贾莱德
jarred	贾里德
jarrett	贾勒特
jarrod	贾洛德
jarvis	贾维斯
jary	嘉里
jasmine	贾斯敏
jason	贾森
jasonjames	贾森詹姆斯
jasonwei	贾森魏
jasonzhu	贾森朱
jasper	贾斯珀
jastin	贾斯汀
jay	杰伊
jayden	杰登
jaydenyang	杰登杨
jayne	杰恩
jc	洁思
jean	吉恩
jeanette	珍妮特
jeannette	珍妮特
jeannie	珍妮
jed	杰德
jeff	杰夫
jeffers	杰弗斯
jefferson	杰弗森
jeffery	杰弗里
jeffrey	杰弗里
jeffries	杰弗里斯
jenkins	詹金斯
jennifet	詹尼菲
jennings	詹宁斯
jensen	詹森
jerica	杰瑞卡
jerome	杰罗姆
jerry	杰里
jesper	杰斯帕
jess	杰斯
jesse	杰西
jessica	杰西卡
jessie	杰西
jesson	杰森
jesus	杰西
jett	杰特
jevon	杰文
jewel	朱厄尔
jewell	朱厄尔
jiajia	佳佳
jihan	吉韩
jill	吉尔
jim	吉姆
jimenez	希梅内斯
jingheng	景恒
jinghengyoyo	景恒悠悠
jinming	金明
jj	杰杰
jo	乔
joann	乔安
joanna	乔安娜
joanne	乔安妮
jocelyn	乔斯林
joe	乔
joejoe	乔乔
joel	乔尔
joey	乔伊
johaana	johaana
johan	约翰
johanna	约翰娜
john	约翰
johnnie	约翰尼
johnny	约翰尼
johnnyommi	约翰尼悠米
johns	约翰斯
johnson	约翰逊
johnston	约翰斯顿
joi	乔伊
joie	乔伊
joiner	乔伊纳
jojo	乔乔
jolin	乔林
joline	乔丽娜
jolly	乔利
jon	乔恩
jonah	乔纳
jonas	乔纳斯
jonathan	乔纳森
jone	乔恩
jones	琼斯
jonny	乔尼
jony	乔尼
jordan	乔丹
jordon	乔登
jose	何塞
joseph	约瑟夫
josephine	约瑟芬
josh	乔希
joshua	乔舒亚
josiah	约西亚
josie	乔西
journey	journey
jseeie	杰西
juliana	朱莉安娜
julie	朱莉
juliet	朱丽叶
julius	朱利叶斯
jun	俊
june	琼
junior	朱尼尔
justice	贾斯蒂斯
justin	贾斯廷
justina	贾斯廷娜
justine	贾斯廷
k	可
kaesy	kaesy
kai	凯
kaien	凯恩
kaikai	凯凯
kaiwen	凯文
kaka	卡卡
kaley	凯莉
kali	凯莉
kally	凯里
kandy	坎迪
kane	凯恩
kanon	卡农
kaopan	烤盘
karan	卡伦
karen	卡伦
kari	卡瑞
karin	卡琳
karl	卡尔
karla	卡拉
karol	卡罗尔
karry	凯里
karson	卡森
kate	凯特
katharine	凯瑟琳
katherine	凯瑟琳
kathie	凯西
kathleen	凯瑟琳
kathryn	凯瑟琳
kathy	凯西
katie	凯蒂
katrina	卡特丽娜
katy	凯蒂
katz	卡茨
kay	凯
kaya	卡雅
kayden	凯登
kaye	凯
kaylah	凯拉
kaylee	凯里
kearney	卡尼
kearns	卡恩斯
kecinco	kecinco
keeley	基利
keely	基利
keen	基恩
keene	基恩
keiko	凯科
keira	凯拉
keith	基思
kele	可乐
keller	凯勒
kelley	凯利
kellogg	凯洛格
kelly	凯利
kelsey	凯尔西
kelvin	凯尔文
kemi	可米
kemp	肯普
ken	肯
kendal	肯德尔
kendall	肯德尔
kendrick	肯德里克
keni	科尼
kenna	肯纳
kennedy	肯尼迪
kenneth	肯尼思
kenney	肯尼
kenny	肯尼
kent	肯特
kenton	肯顿
kenyatta	肯雅塔
kermit	克米特
kern	克恩
kerr	克尔
kerry	克里
keven	凯文
kevin	凯文
kevinhu	凯文胡
key	基
keyes	基斯
keys	基斯
keyser	凯泽
khan	可汗
kidd	基德
kiivi	kiivi
kim	吉姆
kimber	金伯
kimberley	金伯利
kimberly	金伯利
kimbrough	金布罗
kimeo	kimeo
kimi	吉米
kimo	奇摩
kincaid	金凯德
king	金
kingsley	金斯利
kinney	金尼
kino	奇诺
kinsey	金西
kion	凯奥
kira	基拉
kirali	基拉里
kirby	柯比
kirk	柯克
kirkland	柯克兰
kirkpatrick	柯克帕特里克
kirsten	柯尔斯顿
kit	基特
kitchen	基钦
kittie	基蒂
kitty	基蒂
kivi	吉威
kiwi	吉威
klein	克莱因
knapp	纳普
knight	奈特
knowles	诺尔斯
knox	诺克斯
kobe	克比
koch	科赫
kohler	克勒
kris	克里斯
krishna	克利须那
kuhn	库恩
kuin	库恩，酷影
kv	可谓
kyle	凯尔
kymi	吉米
kyra	凯拉，基拉
l	了
laalaa	啦啦
lacey	莱西
lacy	莱西
ladd	拉德
laird	莱尔德
lake	莱克
lamb	拉姆
lambert	兰伯特
lamont	拉蒙特
lan	蓝
lana	拉娜
lancaster	兰卡斯特
lance	兰斯
lancy	兰西
land	兰德
lane	莱恩
lang	兰格
lange	兰格
langford	兰福德
langley	兰利
langston	兰斯顿
lara	拉腊
larkin	拉金
larry	拉里
larson	拉森
lassiter	拉西特
latham	莱瑟姆
laughing	笑笑
laurence	劳伦斯
lauretta	劳雷塔
laurie	劳里
laurinda	劳琳达
lavelle	拉韦尔
laverne	拉弗恩
lavinia	拉维尼亚
law	劳
lawler	劳勒
lawrence	劳伦斯
laws	劳斯
lawson	劳森
lay	莱
layla	莱拉
layne	莱恩
layton	莱顿
le	了
lea	利
leach	利奇
leah	利亚
leal	利尔
lean	利恩
leary	利里
leda	莉达
ledbetter	莱德贝特
lee	李
lego	乐高
leif	利夫
leigh	利
leila	莉拉
leland	利兰
lele	乐乐
lemon	莱蒙
lena	莉娜
lenard	伦纳德
lennie	伦尼
lenny	伦尼
leo	利奥
leo&eva	利奥
leon	利昂，列夫
leonard	伦纳德
leonie	莉奥妮
leonora	莉奥诺拉
leonore	莉奥诺
leroy	勒罗伊
les	莱斯
lesley	莱斯利，莱斯莉
leslie	莱斯利
lester	莱斯特
levan	莱万
levi	利瓦伊
levy	利维
lewis	刘易斯
lexi	乐西
lexie	乐谐
li	李
lia	lia
lian	李安
libby	利比
light	莱特
lijunyi	李俊毅
lika	利卡
lili	莉莉
liliana	莉莉亚娜
lillian&anna	莉莲，安娜
lillie	利利
lilly	利利
lily	莉莉
lina	莉娜
lincoln	林肯
lind	林德
linda	琳达
lindsay	林赛
lindy	琳迪
ling	林
lingling	玲玲
link	林克
linkin	林肯
linn	林
linna	琳娜
linny	林尼
linsey	林赛
linya	林雅
lion	莱昂，狮子
lionel	莱昂内尔
lipscomb	利普斯科姆
liqi	李琦
lisa	莉萨
lisaguo	丽萨郭
liujiayi	刘佳怡
lk	李科
lockett	洛基特
lockhart	洛克哈特
lockwood	洛克伍德
logan	洛根
lois	洛伊丝
lola	洛拉
lolita	洛丽塔
lolly	萝莉
london	伦敦
long	朗
longlon	龙龙
loomis	卢米斯
louischen	路易斯陈
louislin	路易斯林
lris	艾里斯
luca	卢卡
lucca	卢卡
lucie	路西
luisa	路易萨
luka	卢卡
lukechen	卢克陈
luna	露娜
lunar	露娜
luson	卢森
luvis	卢维斯
lvy	lvy
macdonald	麦克唐纳
mack	麦克
macy	梅西
madden	马登
maddox	马多克斯
madison	麦迪逊
magee	马吉
mahoney	马奥尼
major	梅杰
malcolm	马尔科姆
malcom	马尔科姆
mallory	马洛里
malloy	马洛伊
malone	马隆
maloney	马洛尼
malvina	马尔维纳
man	曼
manda	曼达
mangmang	芒芒
mango	芒果
manley	曼利
manman	曼曼
mann	曼
manning	曼宁
mansfield	曼斯菲尔德
manuel	曼纽尔
maple	梅普尔
marc	马克
marcellus	马塞勒斯
marco	马克
marcos	马科斯
marcus	马库斯
marek	马利克
maria	玛丽亚
marie	玛丽
marin	马林
marina	玛丽娜
marion	玛丽恩
marissa	马丽莎
mark	马克
marks	马克斯
marky	马奇
marlin	马林
marquez	马尔克斯
marquis	马奎斯
marsh	马什
marshall	马歇尔
martin	马丁
martinez	马丁内斯
marty	马蒂
marvel	马弗尔
marvin	马文
marx	马克思
mary	玛丽
mason	梅森
massey	马西
masters	马斯特斯
mathew	马修
mathews	马修斯
mathis	马西斯
matson	马特森
matt	马特
matteo	马特奥
matthew	马修
matthews	马修斯
matty	马蒂
maurice	莫里斯
max	马克斯
maxi	马西
maxwell	马克斯韦尔
may	梅
maya	玛雅
maycko	maycko
maye	梅
mayer	迈耶
mayes	梅斯
mayfield	梅菲尔德
maynard	梅纳德
mayo	梅奥
mays	梅斯
mcallister	麦卡利斯特
mcleod	麦克劳德
mcmahon	麦克马洪
mcmanus	麦克马纳斯
mcmillan	麦克米伦
mcmullen	麦克马伦
mcnair	麦克奈尔
mcnally	麦克纳利
mcnamara	麦克纳马拉
mcneal	麦克尼尔
mcneil	麦克尼尔
mcpherson	麦克弗森
mcqueen	麦克奎恩
mcwilliams	麦克威廉斯
mead	米德
megan	蜜柑
meihan	美涵
meilan	美兰
meky	meky
melodywei	麦乐迪魏
melon	梅陇
mengxiang	梦想
meri	梅里
meryl	梅里
messi	梅西
mia	mia
miaolin	苗琳
miaomiao	喵喵
mica	米卡
micco	米科
michelia	米切来
mido	米多
miffy	miffy
miguel	米格尔，米盖尔
mika	米卡
miki	miki
miko	米科
mila	米拉
milo	迈洛
milton	米尔顿
mimi	米米
mimmo	米末
mindi	敏迪
miner	迈纳
minerva	米纳瓦
ming	明
mingo	明戈
mingze	铭泽
mini	迷你
minmin	敏敏
minna	明娜
minnie	蜜妮
minor	迈纳
minton	明顿
mira	米拉
miralia	miralia
miranda	米兰达
misha	米沙
mitchel	米切尔
mitchell	米切尔
miumiu	缪缪
miya	米亚
momo	默默
momoco	玛米玛卡，默默卡
money	玛尼
monkey	芒其，猴子
mooncake	月饼
morning	莫宁，晨晨
mosy	摩西
moumou	某某
mt	mt
muller	马勒
mullins	马林斯
mumu	木木
munger	芒格
munson	芒森
murdock	默多克
murphy	默菲
murray	默里
murry	默里
muyu	木鱼
mvp	mvp
mya	mya
myers	迈尔斯
myles	迈尔斯
nacho	nacho
nacy	南溪，纳西
nadiia	nadiia
nadine	娜丁
naga	娜迦
nami	娜米
nan	南
nana	内娜
nance	南斯
nancy	南希
nanette	南内特
nannie	南妮
naomi	娜奥米
napier	内皮尔
napoleon	拿破仑
nasa	纳沙
nash	纳什
natalia	纳塔利
natalie	娜塔丽
nate	奈特，内特
nathalie	纳瑟莉
nathan	内森
nathanael	纳撒内尔
nathaniel	纳撒尼尔
naylor	内勒
neal	尼尔
ned	内德
neely	尼利
neil	尼尔
nell	内尔
nellie	内莉
nelly	妮莉
nelson	纳尔逊
nemo	nemo
neo	neo
nesbitt	内斯比特
nestor	内斯特
nettie	内蒂
neville	内维尔
newby	纽比
newell	纽厄尔
newman	纽曼
newsome	纽瑟姆
newton	牛顿
ni	尼
nice	奈斯
nichol	尼科尔
nicholas	尼古拉斯
nichols	尼科尔斯
nicholson	尼科尔森
nick	尼克
nickerson	尼克森
nico	尼克
nicol	尼科尔
nicola	尼古拉
nicolas	尼古拉斯
nicole	妮可
nicolette	尼科莱特
nicolle	尼科尔
nielsen	尼尔森
nigel	奈杰尔
nigo	尼够
nika	尼卡
niki	niki
niko	尼克
nikole	尼古拉
nina	妮娜
nini	妮妮
nissa	尼萨
nita	尼塔
nix	尼克斯
nixon	尼克松
nn	嗯嗯
noah	诺亚
noble	诺布尔
noe	诺埃
noel	诺埃尔
nola	诺拉
nolan	诺兰
nona	诺娜
nono	nono
nora	诺拉
norah	诺拉
noreen	诺琳
norene	诺琳
norma	诺玛
norman	诺曼
normand	诺曼德
norris	诺里斯
north	诺思
norton	诺顿
norwood	诺伍德
nu	努
nugent	纽金特
nula	努拉
nuna	怒那
nunn	纳恩
nunu	努努
nuonuo	诺诺
oakes	奥克斯
oakley	奥克利
ocean	ocean
ochoa	奥乔亚
octavia	奥克塔维亚
odell	奥德尔
odette	奥黛塔
odie	欧弟
odom	奥多姆
ogden	奥格登
ok	ok
olga	奥尔加
oli	奥利
olin	奥林
olive	奥丽弗
oliven	奥利弗
oliver	奥利弗
olivia	奥莉维亚
ollie	奥利
olson	奥尔森
olympia	奥林匹亚
omid	奥秘得
oneone	旺旺，万万
only	only
onni	onni
oo	哦哦
opal	奥帕尔
ophelia	奥菲莉亚
orange	桔子，橙子
oriana	奥丽埃纳
orlando	奥兰多
orr	奥尔
ortega	奥尔特加
orval	奥瓦尔
orville	奥韦尔
osborn	奥斯本
osborne	奥斯本
oscar	奥斯卡
otto	奥托
overton	奥弗顿
owen	欧文
pace	佩斯
pack	帕克
paddy	佩蒂
padgett	帕吉特
pagan	佩根
page	佩奇
paige	佩奇
painter	佩因特
paislee	派思丽
palmer	帕尔默
pam	帕姆
pamela	帕梅拉
panda	潘达
pandora	潘多拉
panpan	盼盼
pansy	潘西
parham	帕勒姆
paris	帕里斯
parish	帕里什
park	帕克
parker	帕克
parks	帕克斯
parnell	帕内尔
parr	帕尔
parrish	帕里什
parsons	帕森斯
party	帕迪
pate	佩特
patrick	帕特里克
patten	帕藤
patterson	帕特森
patti	帕蒂
patton	巴顿
patty	帕蒂
paty	帕迪
paul	保罗
pauline	葆琳
paulson	保尔森
payne	佩恩
payton	佩顿
paz	帕斯
peachey	皮奇
peacock	皮科克
pearce	皮尔斯
pearl	珀尔
pearson	皮尔逊
peck	佩克
pendleton	彭德尔顿
penelope	佩内洛普
pengpeng	鹏鹏
penn	佩恩
penney	彭尼
pennie	彭尼
pennington	彭宁顿
penny	彭尼
peoples	皮普尔斯
percy	珀西
perdue	珀杜
perkins	珀金斯
perrin	佩兰
perry	佩里
pete	皮特
peter	彼得
peters	彼得斯
peterson	彼得森
peterwu	皮特吴
pettit	佩蒂特
petty	佩蒂
phelps	费尔普斯
phil	菲尔
philip	菲利普
phillip	菲利普
phillips	菲利普斯
phipps	菲普斯
pickett	皮克特
pierce	皮尔斯
pierre	皮埃尔
pierson	皮尔森
pike	派克
pip	派普
piper	派珀
pittman	皮特曼
pitts	皮茨
pizza	披萨
platt	普拉特
plummer	普卢默
pocoyo	波可优
poe	波
poli	珀利
polk	波尔克
pollard	波拉德
pollock	波洛克
polly	波利
poly	珀利
pony	剖尼
pool	普尔
poole	普尔
pope	波普
popo	婆婆
poppy	泼皮
porter	波特
potter	波特
potts	波茨
powell	鲍威尔
powers	鲍尔斯
pp	皮皮
prater	普拉特
pratt	普拉特
prescott	普雷斯科特
pritchard	普里查德
pritchett	普里切特
proctor	普罗克特
pruett	普鲁厄特
pruitt	普鲁伊特
pryor	普赖尔
pugh	皮尤
purcell	珀塞尔
purple	purple
purvis	珀维斯
qbz	qbz
qiaoxi	乔西
qiqi	齐齐
qiuqiu	秋秋
queenie	奎妮
quenna	坤娜
quentin	昆汀
quick	奎克
quincy	昆西
quinn	奎因
quinten	昆腾
quintin	昆廷
quinton	昆顿
rachel	雷切尔
rae	雷
rainbow	彩虹
raine	雷纳
raines	雷恩斯
rainey	雷尼
rainy	瑞倪
raleigh	罗利
ralph	拉尔夫
ramsey	拉姆齐
randall	兰德尔
randell	兰德尔
randle	兰德尔
randolph	伦道夫
rania	拉妮娅
rankin	兰金
ransom	兰塞姆
ranzo	兰佐
raphael	拉斐尔
ratliff	拉特利夫
raven	雷文
ray	雷
raymie	雷米
raymond	雷蒙德
rayna	蕾娜
rea	雷
read	里德
reagan	里根
reaves	里夫斯
rebeca	丽贝卡
redd	雷德
redding	雷丁
redmond	雷德蒙德
reed	里德
reeder	里德
reena	李娜
reese	里斯，瑞茜
reeves	李维斯
regan	里根
reggie	雷吉
regina	丽贾娜
reginald	雷金纳德
reid	里德
reilley	莱利
reilly	赖利
reiya	瑞亚
rene	雷内
rex	雷克斯
rey	雷伊
reynolds	雷诺兹
rhea	雷亚，瑞亚
rhoades	罗兹
rhodes	罗兹
ria	利亚
rice	赖斯
rich	里奇
richar	理查，立夏
richard	理查德
richards	理查兹
richardson	理查森
richen	瑞辰
richie	里奇
richmond	里奇满
richter	里克特
richy	richy
rick	里克
ricks	里克斯
ricky	李吉
ricky&bora	李吉，波拉
riddle	里德尔
rigel	瑞吉尔
riggs	里格斯
rihanna	蕾哈娜
rik	李科
riley	赖利
rina	李娜
ring	林
rini	李妮
rio	瑞奥
ritchie	里奇
rivers	里弗斯
roach	罗奇
robbins	罗宾斯
roberson	罗伯森
robert	罗伯特
roberts	罗伯茨
robertson	罗伯逊
robin	罗宾
robinson	鲁滨逊
robison	罗比森
rocco	罗科
rock	罗克
rocket	火箭
rocky	rocky
rod	罗德
roderick	罗德里克
rodger	罗杰
rodgers	罗杰斯
rodney	罗德尼
roe	罗
roffy	roffy
roger	罗杰
rogers	罗杰斯
rola	劳拉
roland	罗兰
rolf	罗尔夫
rolland	罗兰
rollins	罗林斯
roma	罗玛
romaine	罗曼
roman	罗曼
romeo	罗密欧
ron	罗恩
rona	罗那
ronald	罗纳德
root	鲁特
roper	罗珀
rory	罗里
rosa	罗莎，罗萨
rosalia	罗莎莉娅
rosalie	罗莎莉
rosalind	罗莎琳德
rosaline	罗莎琳
rosamond	罗莎蒙德
rosanna	罗莎娜
roscoe	罗斯科
rose	罗斯
roseanna	罗斯安娜
roseanne	罗斯安妮
rosy	罗西
rourou	柔柔
roxanne	罗克珊
roxy	roxy
ruffy	鲁菲
rui	瑞
ruina	瑞纳
ruirui	瑞瑞
ruohan	若涵
ryanz	ryanz
sadler	萨德勒
sage	塞奇
salazar	萨拉查
salter	索尔特
sammi	三米
sample	桑普尔
sampson	桑普森
sams	萨姆斯
san	三
sanchez	桑切斯
sanders	桑德斯
sanford	桑福德
sans	杉斯
sargent	萨金特
saunders	桑德斯
savage	萨维奇
sawyer	索耶
scales	斯凯尔斯
schmidt	施密特
schultz	舒尔茨
schumacher	舒马赫
scott	斯科特
seals	西尔斯
sears	西尔斯
sedney	塞德尼
self	塞尔夫
sellers	塞勒斯
seven	七
sewell	休厄尔
sexton	塞克斯顿
seymour	西摩尔
shanna	莎娜
shannon	香农
shark	沙克
sharp	夏普
shaun	沙恩，肖恩
shaw	肖
shelia	希莉亚
shelton	谢尔顿
shepard	谢泼德
shepherd	谢泼德
sheppard	谢泼德
sherlookholmes	夏洛克福尔摩斯
sherman	舍曼
sherry	雪梨
sherwood	舍伍德
shields	希尔兹
shine	shine
shining	shining
shiny	shiny
shipley	希普利
shipman	希普曼
shipp	希普
shirley	雪利
shirleyl	雪梨
shockley	肖克莱
shoemaker	休梅克
short	肖特
silver	西尔弗
simba	辛巴
simmons	西蒙斯
simms	西姆斯
simo	西末
simon	西蒙
simons	西蒙斯
simpson	辛普森
sims	西姆斯
sinclair	辛克莱
singer	辛格
sinuo	斯诺
siqi	思琪
siri	siri
sisi	思思
sissi	茜茜公主
skeppy	skeppy
sky	司改，天空
smile	思迈，笑笑
sofia	索非亚
sohpia	索非亚
solis	索利斯
solomon	所罗门
sonny	桑尼
sony	索尼
sophy	苏菲
soso	搜搜
sparks	斯帕克斯
spaulding	斯波尔丁
spears	斯皮尔斯
spence	斯彭斯
spencer	斯宾塞
spicer	斯派塞
sprague	斯普雷格
springer	斯普林格
squires	斯夸尔斯
sss	sss
stapleton	斯特普尔顿
star	思达，星星
stark	斯塔克
starr	斯塔尔
stearns	斯特恩斯
steele	斯蒂尔
stefanie	斯蒂芬妮
stein	斯坦
steiner	斯坦纳
stelly	施特利
stephen	斯蒂芬
stephenson	斯蒂芬森
sterling	斯特林
stern	斯特恩
stevens	史蒂文斯
stevenson	史蒂文森
stewart	斯图尔特
stiles	斯蒂尔斯
stinson	斯廷森
stockton	斯托克顿
stoddard	斯托达德
stokes	斯托克斯
stone	斯通
stoner	斯托纳
storey	斯多里
story	斯托里
strange	斯特兰奇
street	斯特里特
strickland	斯特里克兰
strong	斯特朗
stuart	斯图尔特
stubbs	斯塔布斯
sucablit	sucablit
sugar	糖糖
suki	舒基
sular	苏拉尔
sumner	萨姆纳
sun	sun
sunday	sunday
sunrise	sunrise
suri	苏蕊
sussie	苏茜
susu	苏苏
sutherland	萨瑟兰
sutton	萨顿
sven	斯温
sweeney	斯威尼
sweet	斯威特
swenson	斯温森
swift	斯威夫特
sykes	赛克斯
sylvester	西尔维斯特
syrah	西拉
tabitha	塔比瑟
tabor	泰伯
taki	塔基
talbot	塔尔博特
tam	塔姆
tami	塔米
tammie	塔米
tammy	塔米
tana	塔娜
tandy	坦迪
tangduo	唐铎
tangtang	糖糖
tangyuan	汤圆
tania	塔尼娅
tanis	坦尼斯
tank	坦克
tanner	坦纳
tanxu	谭旭
tanya	塔尼娅
tao	涛
taotao	涛涛
tata	塔塔
tate	泰特
tatiana	塔蒂阿娜
tatum	泰特姆
taylor	泰勒
teague	蒂格
tebby	特比
ted	特德
teddy	特迪
temple	坦普尔，邓波儿
terence	特伦斯
teresa	特丽萨
terrance	特伦斯
terrell	特雷尔
terrence	特伦斯
terry	特丽
tess	特丝
tessa	特萨
tessie	特西
thacker	撒克
thad	撒德
thaddeus	撒迪厄斯
thalia	塔利亚
tharp	撒普
thea	西娅
thelma	塞尔玛
theo	西奥
theodora	西奥多拉
theodore	西奥多
theresa	特丽萨
theresia	特里西亚
thomas	托马斯
thomasina	托玛西娜
thomason	托马森
thompson	汤普森
thomson	汤姆森
thorne	索恩
thornton	桑顿
thorpe	索普
thurman	瑟曼
thurston	瑟斯顿
tiana	蒂安娜
tiffany	蒂法尼
tiger	老虎
tilda	蒂尔达
tilley	蒂利
tillie	蒂利
tillman	蒂尔曼
tim	蒂姆
timi	提米
timmons	蒂蒙斯
timmy	迪米
timo	提摩，蒂莫
timothy	蒂莫西
tina	蒂娜
tingting	婷婷
tingyun	庭韵
tinsley	廷斯利
tinson	廷松
tintin	丁丁，婷婷
tipton	蒂普顿
tison	蒂森
tita	蒂塔
titus	泰特斯
tobias	托拜厄斯
tobin	托宾
toby	托比
tod	托德
todd	托德
tolbert	托尔伯特
tom	汤姆
tomas	托马斯
tomlinson	汤姆林森
tommie	汤米
tommy	汤米
tompkins	汤普金斯
toney	托尼
tong	tong
tongtong	彤彤
toni	托妮
tonny	托尼
tony	托尼
torres	托雷斯
torrie	托里
toto	头头
totti	托蒂
townsend	汤森德
tracey	特雷西
tracy	特雷西
travis	特拉维斯
trent	特伦特
trevino	特雷维诺
trevor	特雷弗
trimble	特林布尔
tripp	特里普
tristan	特里斯坦
trotter	特罗特
troy	特罗伊
trudy	特鲁迪
truman	特鲁曼，杜鲁门
tt	提提
tucker	塔克
tuotuo	托托
turner	特纳
tuttle	塔特尔
tutu	兔兔
twins	twins
twotwo	二二，兔兔
tyler	泰勒
tyrese	泰瑞斯
tyson	泰森
uen	uen
ultraman	奥特曼
ulysses	尤利塞斯
uma	uma
una	尤娜
underwood	昂德伍德
unjmtjtsx	unjmtjtsx
ursula	乌苏拉
usa	usa
val	瓦尔
valentin	瓦伦丁
valentine	瓦伦丁
valeria	瓦莱里亚
valerie	瓦莱丽
valery	瓦莱丽/瓦莱里
van	范，梵
vancci	万奇
vance	万斯
vanessa	凡妮莎
vann	范恩
vargas	瓦加斯
vaughan	沃恩
vaughn	沃恩
vcve	vcve
vega	维加
velen	伟伦
venom	venom
venus	维纳斯
vera	薇拉
verena	维丽娜
verissa	verissa
vernon	弗农
veronica	维罗妮卡
vesta	维斯塔
vic	微克
vicente	维森特
vickers	维克斯
vicki	维基
vickie	维基
vickijiang	维基姜
vicky	维基
vickylin	维基林
victor	维克托
victoredwin	维克多艾德文
victoria	维多利亚
vida	维达
viki	维基
villa	比利亚
vincci	芬奇
vince	文斯
vincent	文森特
vini	维尼
vinson	文森
viola	维奥拉
violet	瓦奥莱特
virgil	弗吉尔
virginia	弗吉尼亚
vito	维托
vivi	微微
vivian	维维安
vivien	维维恩
vivienne	维维恩
viya	薇娅
vordus	沃德斯
voss	沃斯
vv	微微
w	达不溜
waddell	沃德尔
wade	韦德
waite	韦特
waiting	魏婷
walden	沃尔登
waldo	沃尔多
waldron	沃尔德伦
walker	沃克
wall	沃尔
wallace	华莱士
waller	沃勒
walls	沃尔斯
wally	沃利
walsh	沃尔什
walt	沃尔特
walter	沃尔特
walters	沃尔特斯
walton	沃尔顿，瓦尔顿
ward	沃德
ware	韦尔
warner	沃纳
warren	沃伦
washburn	沃什伯恩
washington	华盛顿
waters	沃特斯
watkins	沃特金斯
watson	沃森
watt	瓦特
watts	沃茨
wayne	韦恩
weathers	韦瑟斯
weaver	韦弗
webb	韦布
webber	韦伯
weber	韦伯
webster	韦伯斯特
weeks	威克斯
weir	韦尔
weizhen	维珍
welch	韦尔奇
weldon	韦尔登
weller	韦勒
wells	韦尔斯
welsh	韦尔什
wen	温
wendell	温德尔
wendy	温迪
wenlan	温岚
wenxi	温习
werner	维尔纳
wesley	韦斯利
west	韦斯特
westbrook	维斯布鲁克
weston	韦斯顿
whalen	惠伦
whaley	惠利
whatley	沃特利
wheeler	惠勒
whitaker	惠特克
white	怀特
whitehead	怀特海德
whitfield	惠特菲尔德
whitley	惠特利
whitlock	惠特洛克
whitman	惠特曼
whitmore	惠特莫尔
whitney	惠特尼
whitt	惠特
whittaker	惠特克
whittington	惠廷顿
wifi	外发
wiggins	威金斯
wiki	维基
wilbert	威尔伯特
wilbur	威尔伯
wilcox	威尔科克斯
wilder	怀尔德
wilfred	威尔弗雷德
wilkerson	威尔克森
wilkes	威尔克斯
wilkins	威尔金斯
wilkinson	威尔金森
will	威尔
willard	威拉德
willett	威利特
william	威廉
williams	威廉斯
williamson	威廉姆森
willie	威利
willis	威利斯
willoughby	威洛比
wills	威尔斯
willson	威尔荪，威尔森
wilson	威尔森
wilton	威尔顿
win	温，胜利
winky	温蒂
winn	温
winner	winner
winnie	温妮
winslow	温斯洛
winston	温斯顿
winter	温特
winters	温特斯
wise	怀斯
wiseman	怀斯曼
wisley	卫斯理
witherspoon	威瑟斯庞
witt	威特
wolf	沃尔夫
wolfe	沃尔夫
wolfy	沃尔菲
wonderful	王德佛
wood	伍德
woodall	伍德尔
wuyulian	吴玉莲
wxg	wxg
x	x
xavier	泽维尔
xenia	泽尼娅
xinyu	新宇
xixi	嘻嘻
xuanyu	轩宇
yaaaaah	雅哈
yami	亚米
yammy	亚米
yang	杨
yangyang	阳阳
yanjun	艳军
yanyan	艳艳
yao	姚
yarbrough	亚伯勒
yates	耶茨
yaya	丫丫
yeager	耶格尔
yian	易安
yicheng	亿城
yifan	一帆
yiheng	一横
yilia	伊丽娅
yilinggao	易玲高
yimi	薏米
yinuo	一诺
yiqing	怡情
yitong	伊通
yiyi	一一
yiyo	咦哟
yolanda	尤莲妲
yolande	尤兰德
yomi	悠米
yong	扬
yongxu	永续
york	约克
youlin	幽林
young	杨
youyou	悠悠
yoyo	悠悠
yoyokiki	悠悠齐齐
yoyoyoki	yoyoyoki
yoyoyoyoyoyoyo	悠悠
yrx	yrx
yu	余
yuan	元
yuanyuan	圆圆
yueyue	悦悦
yuki	于科
yumi	玉米
yuxin	雨欣
yuze	雨泽
yuzhou	宇宙
yvette	伊薇特
yvonne	伊冯娜
yy	歪歪
zachariah	扎卡赖亚
zachary	扎卡里
zack	扎克
zandra	赞德拉
zane	赞恩
zapata	萨帕塔
zeki	泽科
zena	齐娜
zenia	齐尼娅
zenobia	泽诺比垭
zeo	则奥
zheng	郑
ziegler	齐格勒
zillion	zillion
ziming	子明
zimo	子墨
zion	锡安
ziqi	子琪
zixi	子熙
zizi	滋滋
zoe	佐伊
zoey	佐伊
zoie	佐伊
zola	左拉
zoya	卓娅
zxl	zxl